customer_id,summary,food_quality,atmosphere,music_and_entertainment,review_id,sentiment_score,restaurant_id,customer_phone,service,specific_points,customer_name,customer_email,audio_url,improvement_suggestions,timestamp,raw_transcription,id
353f067e-1dd6-4a41-a711-b248d811b69f,Below average experience - several aspects fell short of expectations.,Food quality was below average with bland flavors.,The setting was disappointing and not conducive to enjoyable dining.,Poor music choice that detracted from experience,59301164-9e95-41cd-9822-987b9737aa7e,2,default_restaurant,074 721 9990,Service was poor - inattentive and unprofessional staff.,"Food could be improved., Service needs attention., Atmosphere was lacking.",Boitumelo Motseki,boitumelo.motseki@gmail.com,https://storage.googleapis.com/review-ai-storage/audio_recordings/review_default_restaurant_03684dd9-0324-4426-a6a0-f14f9fd3fd5b_1748516611299.wav,"Improve food quality, Enhance service training",2025-01-26T02:05:04.807Z,"Below expectations, cold food, inattentive staff, not satisfied.",bc6c27ae-bad5-4535-8c0f-d3fe82f690ae
3e0d4c5f-b3a0-4b45-ac4b-4f5989345bc7,Great restaurant with excellent food and service. Would definitely return.,Good quality food with nice presentation and flavors.,Good ambiance that was welcoming and relaxed.,Good music selection that enhanced the atmosphere,829a67e6-47e1-446e-afe9-30d61bf20af3,4,default_restaurant,083 826 7610,Staff was knowledgeable and provided good recommendations.,"The food was excellent., Great service throughout., Wonderful atmosphere.",Priya Reddy,priya.reddy@yahoo.com,https://storage.googleapis.com/review-ai-storage/audio_recordings/review_default_restaurant_b29244b0-64ee-44ad-b2d2-b13f6f5a3c4e_1748516611299.wav,,2025-03-18T15:11:33.700Z,"Really good food, nice service, enjoyed our evening, would return.",ab64ab1f-b491-4544-8b0c-6e83e6745a22
d09f6a31-8f27-41bf-9569-f757adb2a70e,Very pleased with our visit - good food and friendly service.,The food was very good - well-prepared and tasty.,Pleasant atmosphere with good music and lighting.,Good music selection that enhanced the atmosphere,991a225e-a7af-4bbf-967d-c3b3cc111fe5,4,default_restaurant,084 245 1235,Staff was knowledgeable and provided good recommendations.,"The food was excellent., Great service throughout., Wonderful atmosphere.",Gareth Williams,gareth.williams@yahoo.com,https://storage.googleapis.com/review-ai-storage/audio_recordings/review_default_restaurant_2871e54a-313f-4ae6-a046-d215a5ca1786_1748516611299.wav,,2025-01-22T22:11:32.817Z,"Really good food, nice service, enjoyed our evening, would return.",48fdac34-783a-4dae-8b53-b469b0ec7eba
d419cee4-af62-479c-88f7-af9cfb20e3ab,Decent restaurant but nothing particularly special - mixed experience.,The food was decent but lacked the wow factor.,The atmosphere was okay - nothing special but not bad either.,Good music selection that enhanced the atmosphere,266bf5b7-de44-42e2-ae64-14e760390ec5,3,default_restaurant,083 998 5148,The staff was okay but seemed a bit overwhelmed.,"Food could be improved., Service needs attention., Atmosphere was lacking.",Chiedza Mukamuri,chiedza.mukamuri@hotmail.com,https://storage.googleapis.com/review-ai-storage/audio_recordings/review_default_restaurant_bb1a5644-475b-4c19-a8c2-ad1c0b30a56c_1748516611299.wav,"Improve food quality, Enhance service training",2025-01-25T01:54:41.068Z,"Food was okay, service average, nothing special but not bad either.",33125368-6c5d-4382-8bca-0d18b42f45cd
3c786ead-8613-4dd8-a14e-2bdbd0fde881,I had a disappointing experience with several issues that need addressing.,The food was not good - overcooked and underseasoned.,The atmosphere was lacking - noisy and uncomfortable.,Poor music choice that detracted from experience,cd5124b3-f1e0-45dd-9ae9-9707d98064f7,2,default_restaurant,078 532 8281,Service was poor - inattentive and unprofessional staff.,"Food could be improved., Service needs attention., Atmosphere was lacking.",Nomsa Ndlovu,nomsa.ndlovu@hotmail.com,https://storage.googleapis.com/review-ai-storage/audio_recordings/review_default_restaurant_df3ef0b9-e2e9-4694-91df-c909c9af142e_1748516611299.wav,"Improve food quality, Enhance service training",2025-05-04T10:19:45.283Z,"Below expectations, cold food, inattentive staff, not satisfied.",a5adc419-b75b-42f5-ae92-9a2300a0d3c9
e9af9de0-23b0-4f4e-b469-4f9ba7dcc9e6,Very pleased with our visit - good food and friendly service.,The food was very good - well-prepared and tasty.,Nice atmosphere - comfortable and pleasant for dining.,Good music selection that enhanced the atmosphere,88396ed2-c938-4855-b435-b837d7c42b73,4,default_restaurant,076 728 8191,The service was friendly and efficient throughout our visit.,"The food was excellent., Great service throughout., Wonderful atmosphere.",Nomsa Ndlovu,nomsa.ndlovu@gmail.com,https://storage.googleapis.com/review-ai-storage/audio_recordings/review_default_restaurant_3fb50e5f-e26d-45c4-8c83-b7d4184d5d75_1748516611299.wav,,2024-12-04T23:46:39.274Z,"Good experience overall, tasty food, friendly staff, pleasant atmosphere.",991d8ed9-e365-43c4-9e6f-f0677967c791
2517fa71-a6a7-4066-9c82-0457561a694a,Decent restaurant but nothing particularly special - mixed experience.,Food quality was okay but not exceptional.,The setting was fine but lacked character.,Good music selection that enhanced the atmosphere,f0790489-3ca9-4898-8d68-92cc019fa457,3,default_restaurant,083 518 9823,Service was acceptable but not particularly memorable.,"Food could be improved., Service needs attention., Atmosphere was lacking.",Usha Maharaj,usha.maharaj@yahoo.com,https://storage.googleapis.com/review-ai-storage/audio_recordings/review_default_restaurant_7efa939d-6d03-4002-aa49-edca9d8fc751_1748516611299.wav,"Improve food quality, Enhance service training",2024-12-04T18:33:19.380Z,"Average experience, food was fine, service could be better.",7bc9eedc-2e80-4082-a957-411182af8052
d8e5995d-09a8-4af7-b8d7-c5688dd1860b,Completely disappointing visit - worst restaurant experience in a long time.,"Awful food quality - cold, overcooked, and tasteless.",Terrible ambiance that ruined any chance of enjoying the meal.,Poor music choice that detracted from experience,7ccd6d6c-8d5a-471f-ab85-dbaf562f6feb,1,default_restaurant,079 725 2934,"Service was terrible - rude, slow, and completely unprofessional.","Food could be improved., Service needs attention., Atmosphere was lacking.",Mohammed Hassan,mohammed.hassan@yahoo.com,https://storage.googleapis.com/review-ai-storage/audio_recordings/review_default_restaurant_814037ba-7688-488f-944b-dd7e4d2e4183_1748516611299.wav,"Improve food quality, Enhance service training",2025-05-29T02:28:11.773Z,"Terrible experience, awful food, rude staff, will never return, waste of money.",f9918553-7c07-4811-a209-c47122f371f0
165c5bfe-7ca5-47b9-a579-3a282ef1b0a5,I had a very good experience at this restaurant with only minor areas for improvement.,Good quality food with nice presentation and flavors.,Pleasant atmosphere with good music and lighting.,Good music selection that enhanced the atmosphere,39cee7b8-f58f-42f8-9607-bfe6b5f5ff7a,4,default_restaurant,071 671 2573,Good service - the staff was helpful and attentive.,"The food was excellent., Great service throughout., Wonderful atmosphere.",Lerato Sibiya,lerato.sibiya@webmail.co.za,https://storage.googleapis.com/review-ai-storage/audio_recordings/review_default_restaurant_f5bbc3af-9a61-4c2f-b412-0d3838a5e410_1748516611299.wav,,2025-04-18T05:30:09.760Z,"Really good food, nice service, enjoyed our evening, would return.",b631299f-e699-489c-b1b0-bd3aaa5d0100
d753f77d-0782-4a3f-a9c4-22010a72e579,Decent restaurant but nothing particularly special - mixed experience.,Food quality was okay but not exceptional.,Average ambiance - could use some improvement to create a better mood.,Good music selection that enhanced the atmosphere,80284342-bf1f-41f4-94ff-aa87552f5a84,3,default_restaurant,074 671 8432,The staff was okay but seemed a bit overwhelmed.,"Food could be improved., Service needs attention., Atmosphere was lacking.",Omar Fredericks,omar.fredericks@yahoo.com,https://storage.googleapis.com/review-ai-storage/audio_recordings/review_default_restaurant_7939868e-301e-464a-a442-634d72248715_1748516611299.wav,"Improve food quality, Enhance service training",2025-04-30T01:38:53.358Z,"Decent meal, some good points, some areas could improve.",aaf414e4-4acd-4376-9c88-40ecb19d1240
d5cd1908-774b-49d7-8f40-20312746cd68,Very pleased with our visit - good food and friendly service.,The dishes were well-executed and delicious.,Good ambiance that was welcoming and relaxed.,Good music selection that enhanced the atmosphere,4bad1125-ddcc-451c-b1f7-3f929828d99f,4,default_restaurant,083 671 8441,The service was friendly and efficient throughout our visit.,"The food was excellent., Great service throughout., Wonderful atmosphere.",Victor Santos,victor.santos@hotmail.com,https://storage.googleapis.com/review-ai-storage/audio_recordings/review_default_restaurant_6b992222-53c3-434d-a279-356a5613a05c_1748516611299.wav,,2025-04-19T20:51:23.409Z,"Good experience overall, tasty food, friendly staff, pleasant atmosphere.",7cb81823-a685-4a0b-8fbb-d5c8374b42ea
7ffc43e2-b930-4e95-8585-8308b3cf4930,Not a great experience overall - multiple areas need improvement.,Food quality was below average with bland flavors.,Poor ambiance that detracted from the dining experience.,Poor music choice that detracted from experience,b831e02a-5235-4dce-971e-7881bb8b70ab,2,default_restaurant,076 502 1168,The service was disappointing with long waits and mistakes.,"Food could be improved., Service needs attention., Atmosphere was lacking.",Fatima Al-Rashid,fatima.alrashid@hotmail.com,https://storage.googleapis.com/review-ai-storage/audio_recordings/review_default_restaurant_63113fa8-fcdf-48c0-9417-e132a665dff0_1748516611299.wav,"Improve food quality, Enhance service training",2025-03-07T18:15:12.430Z,"Below expectations, cold food, inattentive staff, not satisfied.",dc91adba-7e2b-4d6a-8e21-076c184e2799
2c11c70c-82be-4e93-9404-d906ca730c6d,One of the best dining experiences I've ever had. Everything was perfect.,The food was absolutely exceptional - every dish was perfectly prepared and delicious.,"The atmosphere was perfect - elegant, comfortable, and inviting.",Good music selection that enhanced the atmosphere,201d2ca2-4e5c-4d2a-a49d-b582514f48ea,5,default_restaurant,084 828 0962,Outstanding service from the moment we walked in until we left.,"The food was excellent., Great service throughout., Wonderful atmosphere.",Zinhle Khumalo,zinhle.khumalo@hotmail.com,https://storage.googleapis.com/review-ai-storage/audio_recordings/review_default_restaurant_37352757-4106-4500-a7be-a35b278c089b_1748516611299.wav,,2025-02-20T16:15:16.381Z,"Fantastic experience, loved everything, excellent service, highly recommend.",b0c87740-ebb0-427f-8a5e-5e516552db09
f1b2c114-7c94-4f11-9a45-3b267ffea6d4,I had an absolutely incredible experience at this restaurant and would highly recommend it to everyone.,The food was absolutely exceptional - every dish was perfectly prepared and delicious.,"The atmosphere was perfect - elegant, comfortable, and inviting.",Good music selection that enhanced the atmosphere,1c9b737d-6036-452b-80b4-a5163ffc7012,5,default_restaurant,071 189 3983,"The service was impeccable - attentive, friendly, and professional.","The food was excellent., Great service throughout., Wonderful atmosphere.",Kgotso Mthembu,kgotso.mthembu@webmail.co.za,https://storage.googleapis.com/review-ai-storage/audio_recordings/review_default_restaurant_d2bcf87b-db1b-4c52-99d2-eb6359c2915e_1748516611299.wav,,2025-01-26T08:51:56.021Z,"Best meal I've had in ages, wonderful staff, perfect atmosphere.",9c6b4530-6895-40e6-b74d-9a5033963e3b
ead3cee1-8790-470f-9bed-89f9e3a52ef9,I had a very good experience at this restaurant with only minor areas for improvement.,The food was very good - well-prepared and tasty.,Pleasant atmosphere with good music and lighting.,Good music selection that enhanced the atmosphere,b2d3081d-0c76-40f1-b8a2-8f8e8c62224b,4,default_restaurant,078 266 1408,The service was friendly and efficient throughout our visit.,"The food was excellent., Great service throughout., Wonderful atmosphere.",Fatima Al-Rashid,fatima.alrashid@gmail.com,https://storage.googleapis.com/review-ai-storage/audio_recordings/review_default_restaurant_a41f77cb-41a9-40f7-a3dc-126989715c23_1748516611299.wav,,2025-02-17T14:01:34.707Z,"Nice restaurant, good quality food, attentive service, satisfied.",6697352f-6f12-4891-bdcc-60b3a30675dd
4312ec0e-48c9-4182-bdac-fee8b12a7750,Decent restaurant but nothing particularly special - mixed experience.,The food was decent but lacked the wow factor.,The atmosphere was okay - nothing special but not bad either.,Good music selection that enhanced the atmosphere,a5410571-8841-476e-8c50-df232dd10f3b,3,default_restaurant,076 915 8040,Service was average - not bad but could be more attentive.,"Food could be improved., Service needs attention., Atmosphere was lacking.",Jabu Dlamini,jabu.dlamini@hotmail.com,https://storage.googleapis.com/review-ai-storage/audio_recordings/review_default_restaurant_8d643841-1a73-4df5-a1b8-747b314645c6_1748516611299.wav,"Improve food quality, Enhance service training",2024-12-24T18:15:15.412Z,"Average experience, food was fine, service could be better.",67772a22-d867-4e1f-88e4-5d1e42010f97
1dc79e71-eb91-431d-bbee-3e3782f403ba,Awful experience with multiple serious problems - will not return.,"Awful food quality - cold, overcooked, and tasteless.",The setting was horrible - poorly maintained and unpleasant.,Poor music choice that detracted from experience,04449df6-3968-4405-9e83-2adb10bfac50,1,default_restaurant,083 956 6829,The service was horrible with long waits and attitude from staff.,"Food could be improved., Service needs attention., Atmosphere was lacking.",Wanita Johnson,wanita.johnson@hotmail.com,https://storage.googleapis.com/review-ai-storage/audio_recordings/review_default_restaurant_c29e3c62-14a9-4f6e-8f69-7acbe1812ab8_1748516611299.wav,"Improve food quality, Enhance service training",2025-03-05T00:59:52.347Z,"Completely awful, everything went wrong, terrible food and service.",95c61d6e-c16e-4c21-94ec-a9577dd10b23
e8ec722b-c2b6-46f8-9130-63ad230d630a,I had a very good experience at this restaurant with only minor areas for improvement.,Good quality food with nice presentation and flavors.,Nice atmosphere - comfortable and pleasant for dining.,Good music selection that enhanced the atmosphere,8b55ec36-920a-4686-bf46-25909e12eaf4,4,default_restaurant,074 113 6463,The service was friendly and efficient throughout our visit.,"The food was excellent., Great service throughout., Wonderful atmosphere.",Jabu Dlamini,jabu.dlamini@hotmail.com,https://storage.googleapis.com/review-ai-storage/audio_recordings/review_default_restaurant_75f91fa9-c63a-4e61-8d29-68556e8ff1a9_1748516611299.wav,,2024-12-20T23:37:37.845Z,"Nice restaurant, good quality food, attentive service, satisfied.",15fa4537-5ac8-44ca-b9bb-38e5f712582e
80a75910-e730-4032-b0cc-8dc6af5edd75,Very pleased with our visit - good food and friendly service.,The dishes were well-executed and delicious.,Pleasant atmosphere with good music and lighting.,Good music selection that enhanced the atmosphere,b2dda1b8-6012-48de-bc7f-79393a5dc346,4,default_restaurant,082 493 8923,Good service - the staff was helpful and attentive.,"The food was excellent., Great service throughout., Wonderful atmosphere.",Usha Maharaj,usha.maharaj@outlook.com,https://storage.googleapis.com/review-ai-storage/audio_recordings/review_default_restaurant_90313735-d0f3-422e-9efe-65389029bb3b_1748516611299.wav,,2025-05-16T22:01:37.120Z,"Really good food, nice service, enjoyed our evening, would return.",5caa96cd-e132-4010-8240-1711d26e55b1
ed1b1b9a-c124-4c19-9fbd-3f61d42102a4,Not a great experience overall - multiple areas need improvement.,Food quality was below average with bland flavors.,The atmosphere was lacking - noisy and uncomfortable.,Poor music choice that detracted from experience,59a96626-ac09-4a85-962e-cf532273617b,2,default_restaurant,072 439 9755,Poor service - staff seemed disinterested and unhelpful.,"Food could be improved., Service needs attention., Atmosphere was lacking.",Akani Ramaano,akani.ramaano@hotmail.com,https://storage.googleapis.com/review-ai-storage/audio_recordings/review_default_restaurant_f5caeecb-8c77-462c-b2d3-ddeaa06753fe_1748516611299.wav,"Improve food quality, Enhance service training",2025-04-17T04:01:55.574Z,"Not great experience, food quality poor, service needs improvement.",bb41806a-4da1-42d0-ad17-9d5690f51567
ea27da51-9928-4b8f-bd19-3c730641cd5e,Great restaurant with excellent food and service. Would definitely return.,Good quality food with nice presentation and flavors.,Good ambiance that was welcoming and relaxed.,Good music selection that enhanced the atmosphere,314e881f-4d46-4b1d-a630-6a2adbca1e5b,4,default_restaurant,078 452 1573,The service was friendly and efficient throughout our visit.,"The food was excellent., Great service throughout., Wonderful atmosphere.",Gareth Williams,gareth.williams@gmail.com,https://storage.googleapis.com/review-ai-storage/audio_recordings/review_default_restaurant_c4443e35-8d33-4a81-bbe9-c0c3e4ab5d18_1748516611299.wav,,2024-12-02T14:43:27.373Z,"Really good food, nice service, enjoyed our evening, would return.",28592c39-ee8f-4d75-9c15-2c19219c8c40
3dbb1005-c09c-4f8b-bbbc-5a940b355104,Below average experience - several aspects fell short of expectations.,The food was not good - overcooked and underseasoned.,The setting was disappointing and not conducive to enjoyable dining.,Poor music choice that detracted from experience,235755e8-4bfc-410d-8cab-ff7e47d5cb6c,2,default_restaurant,072 544 6628,Service was poor - inattentive and unprofessional staff.,"Food could be improved., Service needs attention., Atmosphere was lacking.",Nomsa Ndlovu,nomsa.ndlovu@yahoo.com,https://storage.googleapis.com/review-ai-storage/audio_recordings/review_default_restaurant_4d0c3bd4-83c4-452e-9cd4-b27be0d4f636_1748516611299.wav,"Improve food quality, Enhance service training",2025-03-21T07:04:15.895Z,"Food was disappointing, service was slow, several issues with our order.",c1e8bf4e-75c4-4ad0-bb36-df89786f495d
6cabdee5-09c9-4df1-9fb6-ee006891f7a6,I had a very good experience at this restaurant with only minor areas for improvement.,The dishes were well-executed and delicious.,Pleasant atmosphere with good music and lighting.,Good music selection that enhanced the atmosphere,72bf22e9-ad26-4895-87a5-816f7ef6b615,4,default_restaurant,084 195 8382,The service was friendly and efficient throughout our visit.,"The food was excellent., Great service throughout., Wonderful atmosphere.",Quinton Smith,quinton.smith@outlook.com,https://storage.googleapis.com/review-ai-storage/audio_recordings/review_default_restaurant_857fca14-5f37-4d87-b7f6-a21e1cd5c864_1748516611299.wav,,2024-12-01T14:47:20.894Z,"Nice restaurant, good quality food, attentive service, satisfied.",e03d095d-8c7d-4f26-8e52-f8f54f307060
c07c490b-2a6f-43a2-8678-5c7397c4165c,This place exceeded all my expectations - truly outstanding in every way.,The food was absolutely exceptional - every dish was perfectly prepared and delicious.,Beautiful ambiance that created the perfect dining experience.,Good music selection that enhanced the atmosphere,90920026-0418-4a16-a6ab-3d2302c1ca9a,5,default_restaurant,073 685 4881,Outstanding service from the moment we walked in until we left.,"The food was excellent., Great service throughout., Wonderful atmosphere.",Boitumelo Motseki,boitumelo.motseki@gmail.com,https://storage.googleapis.com/review-ai-storage/audio_recordings/review_default_restaurant_4749ad7c-1f58-4ee0-9d69-2bd4567e83ce_1748516611299.wav,,2025-04-30T06:18:48.953Z,"Fantastic experience, loved everything, excellent service, highly recommend.",35410949-0f2e-404f-a06a-49ece097024d
64e7c3e8-4a82-483a-8066-5bd2351aa8c5,I had a disappointing experience with several issues that need addressing.,Food quality was below average with bland flavors.,Poor ambiance that detracted from the dining experience.,Poor music choice that detracted from experience,8198e220-85d7-4832-b3e1-05c7dedefe1f,2,default_restaurant,072 243 1883,Poor service - staff seemed disinterested and unhelpful.,"Food could be improved., Service needs attention., Atmosphere was lacking.",Omar Fredericks,omar.fredericks@outlook.com,https://storage.googleapis.com/review-ai-storage/audio_recordings/review_default_restaurant_c34a64be-dc47-4ff2-a1e3-4333584949c7_1748516611299.wav,"Improve food quality, Enhance service training",2025-02-12T03:53:29.735Z,"Below expectations, cold food, inattentive staff, not satisfied.",0dcb9ed1-3959-47d6-81ff-3ec32bda2e70
70556460-2898-4a0d-b348-fb58880c366b,"Average dining experience - some things were good, others could be better.",Food quality was okay but not exceptional.,Average ambiance - could use some improvement to create a better mood.,Good music selection that enhanced the atmosphere,964f0c5b-bd05-4012-8251-ba98b9be0b6d,3,default_restaurant,079 237 6585,The staff was okay but seemed a bit overwhelmed.,"Food could be improved., Service needs attention., Atmosphere was lacking.",Quinton Smith,quinton.smith@gmail.com,https://storage.googleapis.com/review-ai-storage/audio_recordings/review_default_restaurant_d95eede4-c4b9-4dcf-950a-911ad035339e_1748516611299.wav,"Improve food quality, Enhance service training",2025-04-06T13:00:24.411Z,"Food was okay, service average, nothing special but not bad either.",45e73855-94e1-45f2-aea3-13f6aa49fcdd
081d6c5a-855f-4593-b6c3-68186aebaab6,Great restaurant with excellent food and service. Would definitely return.,The food was very good - well-prepared and tasty.,Pleasant atmosphere with good music and lighting.,Good music selection that enhanced the atmosphere,005c9a0e-feb5-43c1-a524-c0110192652d,4,default_restaurant,076 308 4397,Staff was knowledgeable and provided good recommendations.,"The food was excellent., Great service throughout., Wonderful atmosphere.",Omar Fredericks,omar.fredericks@yahoo.com,https://storage.googleapis.com/review-ai-storage/audio_recordings/review_default_restaurant_aa5971b4-88be-422e-b309-d941a9e5ad20_1748516611299.wav,,2025-03-05T16:25:49.359Z,"Nice restaurant, good quality food, attentive service, satisfied.",18b1a2e2-8b03-4e88-977b-c99d9cdabbae
e3444651-ba91-4e52-94ff-293223372661,"Average dining experience - some things were good, others could be better.",The food was average - some dishes were better than others.,The atmosphere was okay - nothing special but not bad either.,Good music selection that enhanced the atmosphere,75399d08-5c2f-4601-b3d3-2a14eb679138,3,default_restaurant,082 234 9044,Service was average - not bad but could be more attentive.,"Food could be improved., Service needs attention., Atmosphere was lacking.",Usha Maharaj,usha.maharaj@yahoo.com,https://storage.googleapis.com/review-ai-storage/audio_recordings/review_default_restaurant_008f9597-8932-46bc-a940-15e13e01eb35_1748516611299.wav,"Improve food quality, Enhance service training",2025-01-04T11:13:47.011Z,"Average experience, food was fine, service could be better.",2e4c59e1-6f51-4e27-9d57-0a75650236ff
e79126ee-e0af-45ff-aa37-ef7848076a42,I had a very good experience at this restaurant with only minor areas for improvement.,The dishes were well-executed and delicious.,Pleasant atmosphere with good music and lighting.,Good music selection that enhanced the atmosphere,d0d293c9-8ad7-43eb-9f91-4b3c7f0e07e0,4,default_restaurant,078 396 6397,Good service - the staff was helpful and attentive.,"The food was excellent., Great service throughout., Wonderful atmosphere.",Jabu Dlamini,jabu.dlamini@outlook.com,https://storage.googleapis.com/review-ai-storage/audio_recordings/review_default_restaurant_c0e18bdd-c26b-4e94-ac19-10ebce2cd9bb_1748516611299.wav,,2025-04-10T07:18:33.169Z,"Good experience overall, tasty food, friendly staff, pleasant atmosphere.",1ddf87bf-e570-462d-a8a2-66dfcd3b1100
be77a7c5-394d-4b4b-832a-3e45cc4685f7,One of the best dining experiences I've ever had. Everything was perfect.,"The food was amazing - fresh, flavorful, and cooked to perfection.","The atmosphere was perfect - elegant, comfortable, and inviting.",Good music selection that enhanced the atmosphere,9425d1e7-82cd-430f-87a4-27303ec15b35,5,default_restaurant,082 852 5723,Outstanding service from the moment we walked in until we left.,"The food was excellent., Great service throughout., Wonderful atmosphere.",Siphiwe Mazibuko,siphiwe.mazibuko@outlook.com,https://storage.googleapis.com/review-ai-storage/audio_recordings/review_default_restaurant_038e2387-3059-4859-b980-a773946458b7_1748516611299.wav,,2025-01-25T13:23:56.306Z,"Best meal I've had in ages, wonderful staff, perfect atmosphere.",52844fac-f52b-4d26-8b3a-319ce1cd1e90
f71e5f1a-3e8d-4385-8f0f-49792069b040,Completely disappointing visit - worst restaurant experience in a long time.,The food was horrible - clearly not fresh and poorly cooked.,Terrible ambiance that ruined any chance of enjoying the meal.,Poor music choice that detracted from experience,965b85c4-f73d-47ce-bf6b-028715c144d5,1,default_restaurant,082 880 1579,Awful service - staff was unhelpful and seemed to not care.,"Food could be improved., Service needs attention., Atmosphere was lacking.",Victor Santos,victor.santos@hotmail.com,https://storage.googleapis.com/review-ai-storage/audio_recordings/review_default_restaurant_845c7f19-04c9-43c7-9796-0fc08b56593b_1748516611299.wav,"Improve food quality, Enhance service training",2025-05-26T15:28:39.189Z,"Completely awful, everything went wrong, terrible food and service.",923573c4-3a65-47cc-8fb8-929578d04cdd
81911c6c-f2ed-4d34-ad7d-d66795a05611,Very pleased with our visit - good food and friendly service.,Good quality food with nice presentation and flavors.,Pleasant atmosphere with good music and lighting.,Good music selection that enhanced the atmosphere,73b0096f-c7ec-4a16-854b-e3438e70028e,4,default_restaurant,083 568 5560,Good service - the staff was helpful and attentive.,"The food was excellent., Great service throughout., Wonderful atmosphere.",Quinton Smith,quinton.smith@gmail.com,https://storage.googleapis.com/review-ai-storage/audio_recordings/review_default_restaurant_ce0e230c-290c-4e14-a377-6944d2a5b0ab_1748516611299.wav,,2025-02-08T19:16:53.283Z,"Really good food, nice service, enjoyed our evening, would return.",7a66d7b9-5a4a-46ee-a229-efdce8608962
2c1c7275-4bc8-4621-813f-0e3eb5bf2576,I had an average experience with some good points and some areas needing improvement.,Food quality was okay but not exceptional.,Average ambiance - could use some improvement to create a better mood.,Good music selection that enhanced the atmosphere,6425f463-0519-4712-8232-7f01863bec78,3,default_restaurant,074 659 2574,Service was acceptable but not particularly memorable.,"Food could be improved., Service needs attention., Atmosphere was lacking.",Yusuf Abrahams,yusuf.abrahams@gmail.com,https://storage.googleapis.com/review-ai-storage/audio_recordings/review_default_restaurant_85e4f02a-2fda-4ffd-845d-b553ae26a51e_1748516611299.wav,"Improve food quality, Enhance service training",2024-12-17T07:55:58.788Z,"Average experience, food was fine, service could be better.",baa5cbf8-59a2-40f2-9a5d-986512b7458e
7b1fe3e8-2919-40e6-a28f-054bdcdc0bc3,I had a very good experience at this restaurant with only minor areas for improvement.,Good quality food with nice presentation and flavors.,Good ambiance that was welcoming and relaxed.,Good music selection that enhanced the atmosphere,c2f409a9-4490-4ace-8aae-bc749dce1504,4,default_restaurant,084 583 4897,Staff was knowledgeable and provided good recommendations.,"The food was excellent., Great service throughout., Wonderful atmosphere.",Siphiwe Mazibuko,siphiwe.mazibuko@yahoo.com,https://storage.googleapis.com/review-ai-storage/audio_recordings/review_default_restaurant_714795b5-00d9-47d1-b476-cbf1da4bd923_1748516611299.wav,,2025-04-24T00:22:12.858Z,"Nice restaurant, good quality food, attentive service, satisfied.",f56470bd-8e57-47ba-8383-055bd6d079ee
19c70ef0-9558-48ee-89a0-ed75089d9a50,I had a very good experience at this restaurant with only minor areas for improvement.,Good quality food with nice presentation and flavors.,Good ambiance that was welcoming and relaxed.,Good music selection that enhanced the atmosphere,126af19c-e636-44d9-bf93-ef901bebabb3,4,default_restaurant,078 409 1709,Staff was knowledgeable and provided good recommendations.,"The food was excellent., Great service throughout., Wonderful atmosphere.",Mohammed Hassan,mohammed.hassan@gmail.com,https://storage.googleapis.com/review-ai-storage/audio_recordings/review_default_restaurant_c1a5824d-2dbe-4e0d-9020-7864192beebe_1748516611299.wav,,2024-12-28T06:02:37.407Z,"Nice restaurant, good quality food, attentive service, satisfied.",0c461023-ba79-4ff6-a9e5-9e730894dfb5
b5af40e0-7e8d-4822-baf8-f0fdcd441c55,"Average dining experience - some things were good, others could be better.",The food was decent but lacked the wow factor.,The setting was fine but lacked character.,Good music selection that enhanced the atmosphere,c3b263fe-8a58-4cc5-a6d5-3b3bc9734185,3,default_restaurant,083 544 6852,The staff was okay but seemed a bit overwhelmed.,"Food could be improved., Service needs attention., Atmosphere was lacking.",Dineo Kgomo,dineo.kgomo@hotmail.com,https://storage.googleapis.com/review-ai-storage/audio_recordings/review_default_restaurant_498606fe-8c9e-4a9f-89bc-7b54e943d62d_1748516611299.wav,"Improve food quality, Enhance service training",2025-02-20T06:46:47.897Z,"Food was okay, service average, nothing special but not bad either.",9140da9d-ca24-4f8f-8805-08a9f32234b3
2bf1fb03-ea95-4fa2-9dfd-fb1f6fd92064,Below average experience - several aspects fell short of expectations.,Food quality was below average with bland flavors.,The atmosphere was lacking - noisy and uncomfortable.,Poor music choice that detracted from experience,6646f898-5d50-4328-9b8b-989c330946b7,2,default_restaurant,073 554 2458,Service was poor - inattentive and unprofessional staff.,"Food could be improved., Service needs attention., Atmosphere was lacking.",Quinton Smith,quinton.smith@webmail.co.za,https://storage.googleapis.com/review-ai-storage/audio_recordings/review_default_restaurant_a965767d-b6bb-492b-b4ad-992f0f56e402_1748516611299.wav,"Improve food quality, Enhance service training",2025-03-16T15:30:28.749Z,"Below expectations, cold food, inattentive staff, not satisfied.",057b9965-6414-4686-9e20-7402d0fddd42
e2c1a7d6-df9f-423e-8a8b-578994da9453,Decent restaurant but nothing particularly special - mixed experience.,The food was average - some dishes were better than others.,The setting was fine but lacked character.,Good music selection that enhanced the atmosphere,19268d1a-8e2a-4ecb-be99-ff0dd9f2c73c,3,default_restaurant,078 736 4068,The staff was okay but seemed a bit overwhelmed.,"Food could be improved., Service needs attention., Atmosphere was lacking.",Elena Papadopoulos,elena.papadopoulos@webmail.co.za,https://storage.googleapis.com/review-ai-storage/audio_recordings/review_default_restaurant_014a8c8c-e522-4a1e-ac4f-f1722357da7e_1748516611299.wav,"Improve food quality, Enhance service training",2025-04-18T10:42:08.005Z,"Food was okay, service average, nothing special but not bad either.",2cbb3e36-7011-4742-a454-b8dbaad43f11
7f664592-bf84-4984-a76f-bd90bc6e86fe,Below average experience - several aspects fell short of expectations.,Food quality was below average with bland flavors.,The setting was disappointing and not conducive to enjoyable dining.,Poor music choice that detracted from experience,3e26ad48-60d6-4181-a0e2-3b692190fe17,2,default_restaurant,073 657 2234,Service was poor - inattentive and unprofessional staff.,"Food could be improved., Service needs attention., Atmosphere was lacking.",Gareth Williams,gareth.williams@hotmail.com,https://storage.googleapis.com/review-ai-storage/audio_recordings/review_default_restaurant_9da6f822-0f3f-4b88-a598-23a8e49eee02_1748516611299.wav,"Improve food quality, Enhance service training",2024-12-02T01:56:07.634Z,"Food was disappointing, service was slow, several issues with our order.",979dbcac-2014-46ff-8d65-e3bf6ffcb490
031403f3-2043-46fe-aa95-037e8d24ca4a,I had a disappointing experience with several issues that need addressing.,Food quality was below average with bland flavors.,Poor ambiance that detracted from the dining experience.,Poor music choice that detracted from experience,32a9adb2-3e41-4d5f-bbfd-f44f6e11fa4f,2,default_restaurant,074 183 2114,Service was poor - inattentive and unprofessional staff.,"Food could be improved., Service needs attention., Atmosphere was lacking.",Xola Mbeki,xola.mbeki@outlook.com,https://storage.googleapis.com/review-ai-storage/audio_recordings/review_default_restaurant_4b1e165c-d33a-437c-980b-c25d685efc06_1748516611299.wav,"Improve food quality, Enhance service training",2025-03-15T12:35:01.409Z,"Not great experience, food quality poor, service needs improvement.",413a318d-bb15-4104-bd73-4e272698d1cc
90a42c8e-d995-4fbf-b313-db1884407cc7,Decent restaurant but nothing particularly special - mixed experience.,Food quality was okay but not exceptional.,The atmosphere was okay - nothing special but not bad either.,Good music selection that enhanced the atmosphere,b82dc4e9-22c0-49db-a1d9-d175dd84f1e4,3,default_restaurant,082 326 9476,The staff was okay but seemed a bit overwhelmed.,"Food could be improved., Service needs attention., Atmosphere was lacking.",Usha Maharaj,usha.maharaj@outlook.com,https://storage.googleapis.com/review-ai-storage/audio_recordings/review_default_restaurant_5a700c0c-3229-4d6e-8e3a-b2c484a99c9a_1748516611299.wav,"Improve food quality, Enhance service training",2025-02-15T15:15:34.361Z,"Food was okay, service average, nothing special but not bad either.",259a3e23-44a2-425f-90de-156575e2f29e
8ec204af-c02c-4b1d-8f9a-6d550986ac2b,I had a terrible experience and would not recommend this restaurant to anyone.,"Awful food quality - cold, overcooked, and tasteless.","The atmosphere was awful - dirty, noisy, and uncomfortable.",Poor music choice that detracted from experience,c5fa8b53-6649-4f92-94ef-e09661ff3fe6,1,default_restaurant,071 491 9884,"Service was terrible - rude, slow, and completely unprofessional.","Food could be improved., Service needs attention., Atmosphere was lacking.",Chiedza Mukamuri,chiedza.mukamuri@webmail.co.za,https://storage.googleapis.com/review-ai-storage/audio_recordings/review_default_restaurant_16764095-1503-4b21-b5c1-8366119d96de_1748516611299.wav,"Improve food quality, Enhance service training",2025-03-08T23:00:53.687Z,"Completely awful, everything went wrong, terrible food and service.",dc045023-c895-48e2-a354-69e2f888aec9
035cc491-6c84-4a3b-b7b8-c4c66e8b3411,Decent restaurant but nothing particularly special - mixed experience.,The food was decent but lacked the wow factor.,The setting was fine but lacked character.,Good music selection that enhanced the atmosphere,d39a7b6f-8b20-4a09-a121-2eeed7802af6,3,default_restaurant,079 291 8290,The staff was okay but seemed a bit overwhelmed.,"Food could be improved., Service needs attention., Atmosphere was lacking.",Mohammed Hassan,mohammed.hassan@yahoo.com,https://storage.googleapis.com/review-ai-storage/audio_recordings/review_default_restaurant_a08c28e1-a106-4954-ab4f-c9f5c9cc9e57_1748516611299.wav,"Improve food quality, Enhance service training",2025-03-29T16:26:01.982Z,"Average experience, food was fine, service could be better.",b4fcdca0-9cf5-45e2-90c3-50c610cae6f0
7140bebc-b676-4935-9f25-33cd054126b5,I had a disappointing experience with several issues that need addressing.,The food was disappointing - several dishes were poorly prepared.,Poor ambiance that detracted from the dining experience.,Poor music choice that detracted from experience,29c0206f-d476-486d-b556-18aa45cf2649,2,default_restaurant,078 640 5821,Service was poor - inattentive and unprofessional staff.,"Food could be improved., Service needs attention., Atmosphere was lacking.",Zinhle Khumalo,zinhle.khumalo@hotmail.com,https://storage.googleapis.com/review-ai-storage/audio_recordings/review_default_restaurant_376b7d30-b367-4887-beed-222481f246a2_1748516611299.wav,"Improve food quality, Enhance service training",2025-04-28T03:13:12.535Z,"Not great experience, food quality poor, service needs improvement.",24072b96-a33d-47a1-96a8-6cfe449603d4
7db5872e-b225-4d5a-8623-1ea802139ea1,I had a very good experience at this restaurant with only minor areas for improvement.,The food was very good - well-prepared and tasty.,Nice atmosphere - comfortable and pleasant for dining.,Good music selection that enhanced the atmosphere,c913f9e4-d34a-4b96-83c3-aa8157a88a0c,4,default_restaurant,073 744 2118,Good service - the staff was helpful and attentive.,"The food was excellent., Great service throughout., Wonderful atmosphere.",Yusuf Abrahams,yusuf.abrahams@yahoo.com,https://storage.googleapis.com/review-ai-storage/audio_recordings/review_default_restaurant_deaa2188-66ab-4e3c-a1dc-640fe52c0f34_1748516611299.wav,,2025-05-13T10:55:24.841Z,"Nice restaurant, good quality food, attentive service, satisfied.",f53c93c7-8d74-43e0-b68b-cc31635d2c32
382cb7f7-3b70-420a-b1e0-acd4c8d902d4,Below average experience - several aspects fell short of expectations.,The food was not good - overcooked and underseasoned.,The atmosphere was lacking - noisy and uncomfortable.,Poor music choice that detracted from experience,d9610a44-4aa7-48d5-a540-129aab1dc26a,2,default_restaurant,073 183 8293,Poor service - staff seemed disinterested and unhelpful.,"Food could be improved., Service needs attention., Atmosphere was lacking.",Usha Maharaj,usha.maharaj@outlook.com,https://storage.googleapis.com/review-ai-storage/audio_recordings/review_default_restaurant_3b764dd4-1814-4f0c-af6d-7950a8a97596_1748516611299.wav,"Improve food quality, Enhance service training",2024-12-18T08:35:55.236Z,"Below expectations, cold food, inattentive staff, not satisfied.",954d61e1-b866-432d-9205-04dc993cea4f
bda9858e-def9-467c-b24c-b6fb9c09d7b5,I had a disappointing experience with several issues that need addressing.,The food was not good - overcooked and underseasoned.,The atmosphere was lacking - noisy and uncomfortable.,Poor music choice that detracted from experience,c16faeaa-3684-4808-b0ca-fb07ec764426,2,default_restaurant,083 797 9062,Poor service - staff seemed disinterested and unhelpful.,"Food could be improved., Service needs attention., Atmosphere was lacking.",Mohammed Hassan,mohammed.hassan@yahoo.com,https://storage.googleapis.com/review-ai-storage/audio_recordings/review_default_restaurant_e368de40-3de5-4ff5-81a3-d5a74953d649_1748516611299.wav,"Improve food quality, Enhance service training",2024-12-13T18:09:55.457Z,"Not great experience, food quality poor, service needs improvement.",de16f496-dd9e-4cda-8091-7153a9c7c25d
ef3ed38a-d719-43a2-849e-4c047a8be87c,I had an average experience with some good points and some areas needing improvement.,Food quality was okay but not exceptional.,The setting was fine but lacked character.,Good music selection that enhanced the atmosphere,f14d2b35-f33b-434f-ab14-e1b82c7b2b39,3,default_restaurant,079 111 0853,Service was acceptable but not particularly memorable.,"Food could be improved., Service needs attention., Atmosphere was lacking.",Fatima Al-Rashid,fatima.alrashid@webmail.co.za,https://storage.googleapis.com/review-ai-storage/audio_recordings/review_default_restaurant_506f00db-17e5-4070-89f2-b78e22d94f04_1748516611299.wav,"Improve food quality, Enhance service training",2024-12-14T15:57:22.382Z,"Average experience, food was fine, service could be better.",92a09063-7b57-4e77-8731-8124956ab3bf
6cbe93a7-1dae-4e93-be04-7ded34a0fdc8,Below average experience - several aspects fell short of expectations.,The food was not good - overcooked and underseasoned.,The atmosphere was lacking - noisy and uncomfortable.,Poor music choice that detracted from experience,8a5c853d-b0f4-48f3-aba7-5cafb8774555,2,default_restaurant,072 492 8288,The service was disappointing with long waits and mistakes.,"Food could be improved., Service needs attention., Atmosphere was lacking.",Jabu Dlamini,jabu.dlamini@yahoo.com,https://storage.googleapis.com/review-ai-storage/audio_recordings/review_default_restaurant_03f934bf-88f8-42aa-b2a2-5a646e7eeba0_1748516611299.wav,"Improve food quality, Enhance service training",2024-12-19T21:51:03.499Z,"Below expectations, cold food, inattentive staff, not satisfied.",bb606e14-518e-493e-83fb-6ed0063fbf58
f0373748-7c60-4516-b9d7-b9bfd0f1c27d,I had a terrible experience and would not recommend this restaurant to anyone.,The food was horrible - clearly not fresh and poorly cooked.,The setting was horrible - poorly maintained and unpleasant.,Poor music choice that detracted from experience,7a93120d-bc08-4758-9699-0df3bd13f610,1,default_restaurant,073 267 7147,The service was horrible with long waits and attitude from staff.,"Food could be improved., Service needs attention., Atmosphere was lacking.",Yusuf Abrahams,yusuf.abrahams@hotmail.com,https://storage.googleapis.com/review-ai-storage/audio_recordings/review_default_restaurant_e64f8981-1dac-4a61-8f42-1b636242040a_1748516611299.wav,"Improve food quality, Enhance service training",2025-02-09T14:31:24.503Z,"Horrible service, inedible food, worst restaurant experience ever.",775d284f-b4b9-449e-ba78-c3ccad760081
abe1d87b-da02-4332-8b9e-b8acbec0bd95,Below average experience - several aspects fell short of expectations.,Food quality was below average with bland flavors.,The atmosphere was lacking - noisy and uncomfortable.,Poor music choice that detracted from experience,2a68fb6b-e6bc-42f0-9f5d-875295ea97b6,2,default_restaurant,081 635 9573,Poor service - staff seemed disinterested and unhelpful.,"Food could be improved., Service needs attention., Atmosphere was lacking.",Kgotso Mthembu,kgotso.mthembu@hotmail.com,https://storage.googleapis.com/review-ai-storage/audio_recordings/review_default_restaurant_5222d439-4086-4bed-bd0f-b2bfe731f0d3_1748516611299.wav,"Improve food quality, Enhance service training",2025-03-31T14:30:13.417Z,"Food was disappointing, service was slow, several issues with our order.",b37c51b3-88c1-4da8-bbb5-90de6cf966f9
e6c82020-3d17-4968-ae45-ba83fb0ef815,I had a disappointing experience with several issues that need addressing.,The food was not good - overcooked and underseasoned.,The atmosphere was lacking - noisy and uncomfortable.,Poor music choice that detracted from experience,13b38299-75ff-4999-ae71-161657231e6c,2,default_restaurant,073 770 5969,The service was disappointing with long waits and mistakes.,"Food could be improved., Service needs attention., Atmosphere was lacking.",Mohammed Hassan,mohammed.hassan@gmail.com,https://storage.googleapis.com/review-ai-storage/audio_recordings/review_default_restaurant_61325226-d68a-41c7-9de9-a6b17ca04314_1748516611299.wav,"Improve food quality, Enhance service training",2025-04-01T16:10:04.033Z,"Below expectations, cold food, inattentive staff, not satisfied.",eb16e5ff-12a2-4c02-b65c-9db8c2ee816d
539ee36b-48c6-4bb9-8183-8e4b505b8f4b,Great restaurant with excellent food and service. Would definitely return.,The dishes were well-executed and delicious.,Good ambiance that was welcoming and relaxed.,Good music selection that enhanced the atmosphere,dadfab5a-a1fc-438a-897f-60849d55ffa3,4,default_restaurant,081 290 5749,Staff was knowledgeable and provided good recommendations.,"The food was excellent., Great service throughout., Wonderful atmosphere.",Gareth Williams,gareth.williams@outlook.com,https://storage.googleapis.com/review-ai-storage/audio_recordings/review_default_restaurant_bb74d5f3-0eb6-4500-950b-74fca3002c6a_1748516611299.wav,,2025-02-28T07:03:23.743Z,"Nice restaurant, good quality food, attentive service, satisfied.",ae859709-c65a-4634-bda8-fe1b5d471478
c0a6bba6-a980-4150-b755-9fcf65eae03c,One of the best dining experiences I've ever had. Everything was perfect.,Outstanding cuisine with incredible flavors and beautiful presentation.,"The atmosphere was perfect - elegant, comfortable, and inviting.",Good music selection that enhanced the atmosphere,570b38f6-578d-45e0-8d07-e666d471ce4c,5,default_restaurant,071 323 1552,The staff was incredibly attentive and made us feel very welcome.,"The food was excellent., Great service throughout., Wonderful atmosphere.",Zinhle Khumalo,zinhle.khumalo@outlook.com,https://storage.googleapis.com/review-ai-storage/audio_recordings/review_default_restaurant_a4fd8aa3-4c39-40a4-b3b6-f1d8a362eef3_1748516611299.wav,,2025-01-30T09:30:35.615Z,"Amazing food, great service, will definitely come back, thank you so much.",527c533b-9022-4398-9ae6-f3712088f227
0be24251-4639-4fc0-aafa-f3355dc66ee9,I had a disappointing experience with several issues that need addressing.,The food was disappointing - several dishes were poorly prepared.,The atmosphere was lacking - noisy and uncomfortable.,Poor music choice that detracted from experience,e6e4fb54-5208-41f4-ac03-453809e5d880,2,default_restaurant,084 700 9916,The service was disappointing with long waits and mistakes.,"Food could be improved., Service needs attention., Atmosphere was lacking.",Elena Papadopoulos,elena.papadopoulos@webmail.co.za,https://storage.googleapis.com/review-ai-storage/audio_recordings/review_default_restaurant_e0a367ad-d46d-4180-b51f-3444b5cd3a5d_1748516611299.wav,"Improve food quality, Enhance service training",2025-04-26T13:12:36.758Z,"Food was disappointing, service was slow, several issues with our order.",bba8d94e-5b87-40c9-89a1-56f6bfa7ab02
0ffc101e-16da-4e5e-b156-593056e3fe89,Completely disappointing visit - worst restaurant experience in a long time.,"Awful food quality - cold, overcooked, and tasteless.","The atmosphere was awful - dirty, noisy, and uncomfortable.",Poor music choice that detracted from experience,28e3d468-2a34-49df-81b1-dda7bfe447d2,1,default_restaurant,076 528 8259,The service was horrible with long waits and attitude from staff.,"Food could be improved., Service needs attention., Atmosphere was lacking.",Wanita Johnson,wanita.johnson@hotmail.com,https://storage.googleapis.com/review-ai-storage/audio_recordings/review_default_restaurant_7e6f3bf4-5feb-4123-a7f2-81232f13d833_1748516611299.wav,"Improve food quality, Enhance service training",2024-12-30T23:26:23.439Z,"Completely awful, everything went wrong, terrible food and service.",bb353dd6-497b-442f-a4b2-36272217e453
838f8ea2-dd2d-481a-a7a7-9c4e0ac7fb74,I had an absolutely incredible experience at this restaurant and would highly recommend it to everyone.,Outstanding cuisine with incredible flavors and beautiful presentation.,Beautiful ambiance that created the perfect dining experience.,Good music selection that enhanced the atmosphere,c6071a73-63c5-4b04-b1a6-6bcb5641cc32,5,default_restaurant,071 567 9455,Outstanding service from the moment we walked in until we left.,"The food was excellent., Great service throughout., Wonderful atmosphere.",Chiedza Mukamuri,chiedza.mukamuri@outlook.com,https://storage.googleapis.com/review-ai-storage/audio_recordings/review_default_restaurant_b6726da9-83e2-460b-bf6d-b2765bd145b8_1748516611299.wav,,2025-04-12T11:53:11.151Z,"Amazing food, great service, will definitely come back, thank you so much.",c44eac23-3db9-4f23-8958-d92c7627431f
14c056e8-f951-4031-b74e-d2a3024c2073,I had a very good experience at this restaurant with only minor areas for improvement.,The food was very good - well-prepared and tasty.,Good ambiance that was welcoming and relaxed.,Good music selection that enhanced the atmosphere,7f6ff4b3-2f9e-41ee-831c-509676462ac6,4,default_restaurant,072 913 9084,The service was friendly and efficient throughout our visit.,"The food was excellent., Great service throughout., Wonderful atmosphere.",Lerato Sibiya,lerato.sibiya@outlook.com,https://storage.googleapis.com/review-ai-storage/audio_recordings/review_default_restaurant_df7805d1-05f1-49c6-b25f-773692f88e35_1748516611299.wav,,2024-12-19T15:32:00.715Z,"Really good food, nice service, enjoyed our evening, would return.",3912ac24-0247-4a6c-a6ff-6a04b47cca5f
d561c2dd-217b-47dc-a396-944b7f50e716,I had an average experience with some good points and some areas needing improvement.,The food was average - some dishes were better than others.,Average ambiance - could use some improvement to create a better mood.,Good music selection that enhanced the atmosphere,2574df90-5450-48c4-a51a-f4a47bb34d1d,3,default_restaurant,083 416 8605,The staff was okay but seemed a bit overwhelmed.,"Food could be improved., Service needs attention., Atmosphere was lacking.",Boitumelo Motseki,boitumelo.motseki@hotmail.com,https://storage.googleapis.com/review-ai-storage/audio_recordings/review_default_restaurant_2f571366-109f-46c9-8edb-7877e125a328_1748516611299.wav,"Improve food quality, Enhance service training",2025-01-29T13:45:37.619Z,"Average experience, food was fine, service could be better.",088847b1-b43a-4e50-9889-6553abc337ca
398fafac-f767-444c-9b99-7f2593ed61e6,I had a terrible experience and would not recommend this restaurant to anyone.,The food was terrible - inedible and poorly prepared.,The setting was horrible - poorly maintained and unpleasant.,Poor music choice that detracted from experience,ebf39d9e-5197-43af-8931-c79b9bd48c6a,1,default_restaurant,073 355 0270,"Service was terrible - rude, slow, and completely unprofessional.","Food could be improved., Service needs attention., Atmosphere was lacking.",Zinhle Khumalo,zinhle.khumalo@webmail.co.za,https://storage.googleapis.com/review-ai-storage/audio_recordings/review_default_restaurant_f9aca30e-4504-4eeb-b928-7919210e3e9b_1748516611299.wav,"Improve food quality, Enhance service training",2025-03-23T07:35:56.273Z,"Terrible experience, awful food, rude staff, will never return, waste of money.",fbedf66b-484d-42db-a127-c6e36d57dd9a
143bc802-4f19-45f3-a41b-0d525d118d0f,"Average dining experience - some things were good, others could be better.",The food was decent but lacked the wow factor.,The setting was fine but lacked character.,Good music selection that enhanced the atmosphere,234f8206-2031-4cf1-ac7b-258efe338623,3,default_restaurant,071 625 6582,The staff was okay but seemed a bit overwhelmed.,"Food could be improved., Service needs attention., Atmosphere was lacking.",Indira Patel,indira.patel@outlook.com,https://storage.googleapis.com/review-ai-storage/audio_recordings/review_default_restaurant_f6a99574-46a1-4045-9d2f-84d39847ec7b_1748516611299.wav,"Improve food quality, Enhance service training",2024-12-11T15:30:17.550Z,"Food was okay, service average, nothing special but not bad either.",af5abef2-31ff-4a0d-a598-b90c1f0a8b87
d321a1fc-7b5f-4fc8-8627-16e25072567b,Great restaurant with excellent food and service. Would definitely return.,Good quality food with nice presentation and flavors.,Pleasant atmosphere with good music and lighting.,Good music selection that enhanced the atmosphere,0a78f5ce-73f3-43df-b456-304f7dc437cb,4,default_restaurant,081 419 6456,The service was friendly and efficient throughout our visit.,"The food was excellent., Great service throughout., Wonderful atmosphere.",Fatima Al-Rashid,fatima.alrashid@hotmail.com,https://storage.googleapis.com/review-ai-storage/audio_recordings/review_default_restaurant_96460d62-1515-4a18-926b-a398da30af97_1748516611299.wav,,2025-03-17T23:31:24.772Z,"Good experience overall, tasty food, friendly staff, pleasant atmosphere.",407a0343-f618-46ad-877b-9594440849d0
e477756a-5880-4eaa-87ee-4527b6fc3adb,Not a great experience overall - multiple areas need improvement.,The food was not good - overcooked and underseasoned.,The setting was disappointing and not conducive to enjoyable dining.,Poor music choice that detracted from experience,6f952fef-86a1-4631-b277-1670348c1773,2,default_restaurant,072 461 2310,Poor service - staff seemed disinterested and unhelpful.,"Food could be improved., Service needs attention., Atmosphere was lacking.",Jabu Dlamini,jabu.dlamini@webmail.co.za,https://storage.googleapis.com/review-ai-storage/audio_recordings/review_default_restaurant_399504eb-71b6-49c1-a7ef-29d2dc666ef5_1748516611299.wav,"Improve food quality, Enhance service training",2025-03-04T04:42:44.502Z,"Not great experience, food quality poor, service needs improvement.",89ad8833-db62-44ea-9664-9aeeabda5cfc
5a3b0502-20a1-4a7e-9044-52980f5c1623,This place exceeded all my expectations - truly outstanding in every way.,Outstanding cuisine with incredible flavors and beautiful presentation.,"The atmosphere was perfect - elegant, comfortable, and inviting.",Good music selection that enhanced the atmosphere,09ba580d-9b85-4000-8465-a0cbb2f4f27b,5,default_restaurant,074 690 8530,The staff was incredibly attentive and made us feel very welcome.,"The food was excellent., Great service throughout., Wonderful atmosphere.",Kgotso Mthembu,kgotso.mthembu@outlook.com,https://storage.googleapis.com/review-ai-storage/audio_recordings/review_default_restaurant_913a18c6-e2ff-4b8f-a0c5-ecb7abcae042_1748516611299.wav,,2025-02-06T12:35:38.534Z,"Best meal I've had in ages, wonderful staff, perfect atmosphere.",d79264fe-6712-4d65-9751-bfec6b1f7916
4b3ba918-7018-48b3-9bf0-ea9902e8163c,I had an absolutely incredible experience at this restaurant and would highly recommend it to everyone.,"The food was amazing - fresh, flavorful, and cooked to perfection.",Lovely atmosphere with great lighting and comfortable seating.,Good music selection that enhanced the atmosphere,126c10ed-a2d1-4724-8a2d-f76416230870,5,default_restaurant,084 833 8032,The staff was incredibly attentive and made us feel very welcome.,"The food was excellent., Great service throughout., Wonderful atmosphere.",Mohammed Hassan,mohammed.hassan@yahoo.com,https://storage.googleapis.com/review-ai-storage/audio_recordings/review_default_restaurant_87bf8598-0c91-4869-95bd-7fbb627b9e4f_1748516611299.wav,,2025-02-03T17:12:13.153Z,"Amazing food, great service, will definitely come back, thank you so much.",39861fbc-756a-4e0e-ac06-e92ccf7c335d
73f1e203-f5ec-4a58-b0b5-1fd3fdea1c71,Decent restaurant but nothing particularly special - mixed experience.,The food was decent but lacked the wow factor.,The atmosphere was okay - nothing special but not bad either.,Good music selection that enhanced the atmosphere,3cc78d4f-66ce-4b48-8786-312490d495c0,3,default_restaurant,078 415 2970,The staff was okay but seemed a bit overwhelmed.,"Food could be improved., Service needs attention., Atmosphere was lacking.",Priya Reddy,priya.reddy@yahoo.com,https://storage.googleapis.com/review-ai-storage/audio_recordings/review_default_restaurant_f989c6c7-9b1e-441e-882e-fb1a343bba4f_1748516611299.wav,"Improve food quality, Enhance service training",2025-04-24T02:53:56.838Z,"Decent meal, some good points, some areas could improve.",8fa1d32e-2bdf-46da-b493-c3adc96eea92
1f511ac5-e31c-4f36-8e78-d8248af1e626,I had a terrible experience and would not recommend this restaurant to anyone.,The food was horrible - clearly not fresh and poorly cooked.,The setting was horrible - poorly maintained and unpleasant.,Poor music choice that detracted from experience,9606c3c1-67af-43ae-ba1d-546e4b3cd3d7,1,default_restaurant,081 912 4239,Awful service - staff was unhelpful and seemed to not care.,"Food could be improved., Service needs attention., Atmosphere was lacking.",Elena Papadopoulos,elena.papadopoulos@webmail.co.za,https://storage.googleapis.com/review-ai-storage/audio_recordings/review_default_restaurant_d150e190-5e92-4920-929d-5510edb8681f_1748516611299.wav,"Improve food quality, Enhance service training",2025-01-03T07:00:00.397Z,"Completely awful, everything went wrong, terrible food and service.",c39b78d7-c94d-4b50-bd76-7befb4194fbe
f766c5c9-55c1-4d7f-988b-6519937b044b,I had a very good experience at this restaurant with only minor areas for improvement.,Good quality food with nice presentation and flavors.,Good ambiance that was welcoming and relaxed.,Good music selection that enhanced the atmosphere,95da5883-5ecc-430d-a1b4-d2a8f28ee70c,4,default_restaurant,071 209 3908,Staff was knowledgeable and provided good recommendations.,"The food was excellent., Great service throughout., Wonderful atmosphere.",Kgotso Mthembu,kgotso.mthembu@outlook.com,https://storage.googleapis.com/review-ai-storage/audio_recordings/review_default_restaurant_5fb4c4a8-eb92-4c0a-8316-b6714b688a5b_1748516611299.wav,,2024-12-13T23:26:33.224Z,"Really good food, nice service, enjoyed our evening, would return.",5fd1a16d-e957-4cd8-979c-ddfa5a74863b
f7b17060-c20c-41f3-84cf-33a5f75d26f6,One of the best dining experiences I've ever had. Everything was perfect.,"The food was amazing - fresh, flavorful, and cooked to perfection.",Lovely atmosphere with great lighting and comfortable seating.,Good music selection that enhanced the atmosphere,ea59305d-87ee-44f6-9af9-08fc7a684d4d,5,default_restaurant,073 841 6356,The staff was incredibly attentive and made us feel very welcome.,"The food was excellent., Great service throughout., Wonderful atmosphere.",Kgotso Mthembu,kgotso.mthembu@yahoo.com,https://storage.googleapis.com/review-ai-storage/audio_recordings/review_default_restaurant_fee01351-6c75-420b-8736-df19bbb762e7_1748516611299.wav,,2025-05-25T14:31:18.894Z,"Fantastic experience, loved everything, excellent service, highly recommend.",a7a00bca-a6c6-440f-b651-d319a6426e49
4d8849aa-ff03-4bad-9e01-405d4e413192,One of the best dining experiences I've ever had. Everything was perfect.,Outstanding cuisine with incredible flavors and beautiful presentation.,Lovely atmosphere with great lighting and comfortable seating.,Good music selection that enhanced the atmosphere,53e87d08-0b68-4ce3-ac3f-6c03716a3bb4,5,default_restaurant,076 769 9177,Outstanding service from the moment we walked in until we left.,"The food was excellent., Great service throughout., Wonderful atmosphere.",Dineo Kgomo,dineo.kgomo@hotmail.com,https://storage.googleapis.com/review-ai-storage/audio_recordings/review_default_restaurant_c57bbcf5-4cf4-49fd-8b77-6d2fb12d2d9b_1748516611299.wav,,2025-01-16T18:21:15.489Z,"Best meal I've had in ages, wonderful staff, perfect atmosphere.",f159f386-3b47-49bf-8c07-c0027dcb7077
4bd2450a-a424-47aa-9da6-a964032bb593,Decent restaurant but nothing particularly special - mixed experience.,The food was average - some dishes were better than others.,Average ambiance - could use some improvement to create a better mood.,Good music selection that enhanced the atmosphere,a820ae57-a8a7-4fbe-8d30-e752dd69f11a,3,default_restaurant,081 783 8470,Service was acceptable but not particularly memorable.,"Food could be improved., Service needs attention., Atmosphere was lacking.",Xola Mbeki,xola.mbeki@hotmail.com,https://storage.googleapis.com/review-ai-storage/audio_recordings/review_default_restaurant_fa253a92-0eb6-4cd6-bb62-f7d1df239438_1748516611299.wav,"Improve food quality, Enhance service training",2025-05-23T04:40:58.708Z,"Food was okay, service average, nothing special but not bad either.",56ddb7d2-f742-4698-9211-d4b5a3faf0b5
27927079-0f5b-49f6-b710-c49b6cc316ce,I had a terrible experience and would not recommend this restaurant to anyone.,"Awful food quality - cold, overcooked, and tasteless.",Terrible ambiance that ruined any chance of enjoying the meal.,Poor music choice that detracted from experience,9b0eaa48-c87f-446a-94f9-aa9694ed9489,1,default_restaurant,082 579 9271,"Service was terrible - rude, slow, and completely unprofessional.","Food could be improved., Service needs attention., Atmosphere was lacking.",Fatima Al-Rashid,fatima.alrashid@webmail.co.za,https://storage.googleapis.com/review-ai-storage/audio_recordings/review_default_restaurant_bd8f9f74-e6e4-45bd-9ccb-91da005c151e_1748516611299.wav,"Improve food quality, Enhance service training",2025-03-03T11:32:56.821Z,"Completely awful, everything went wrong, terrible food and service.",3ac342cb-1906-4c53-9d0d-bc91cbd46c5b
dbfb7f7c-6bc5-4c0d-8722-4edd978924db,Not a great experience overall - multiple areas need improvement.,The food was not good - overcooked and underseasoned.,The atmosphere was lacking - noisy and uncomfortable.,Poor music choice that detracted from experience,fa077a79-82e5-41bd-a16d-13ca74793b52,2,default_restaurant,078 439 5584,Poor service - staff seemed disinterested and unhelpful.,"Food could be improved., Service needs attention., Atmosphere was lacking.",Zinhle Khumalo,zinhle.khumalo@webmail.co.za,https://storage.googleapis.com/review-ai-storage/audio_recordings/review_default_restaurant_5e9377e2-5175-4e96-9b9e-4d108b909529_1748516611299.wav,"Improve food quality, Enhance service training",2024-12-13T05:32:38.819Z,"Not great experience, food quality poor, service needs improvement.",85fb4a53-84d8-4888-a9c0-359b4796a460
5457ab4f-dd48-4095-b920-bc9c73432dd1,Great restaurant with excellent food and service. Would definitely return.,Good quality food with nice presentation and flavors.,Nice atmosphere - comfortable and pleasant for dining.,Good music selection that enhanced the atmosphere,d2c8aa23-dac4-4f5b-be55-71cac2de9123,4,default_restaurant,073 726 7085,The service was friendly and efficient throughout our visit.,"The food was excellent., Great service throughout., Wonderful atmosphere.",Elena Papadopoulos,elena.papadopoulos@yahoo.com,https://storage.googleapis.com/review-ai-storage/audio_recordings/review_default_restaurant_1f808ee3-b3d3-43f2-810f-f96e75e582d6_1748516611299.wav,,2025-01-02T11:34:55.161Z,"Good experience overall, tasty food, friendly staff, pleasant atmosphere.",07bf2f67-8786-4a5f-baaa-5b28469240b4
623f7901-552b-4ade-aed4-f1787ebbb04b,Decent restaurant but nothing particularly special - mixed experience.,The food was average - some dishes were better than others.,The atmosphere was okay - nothing special but not bad either.,Good music selection that enhanced the atmosphere,47d04504-b7f7-43a1-aeaf-e25675394000,3,default_restaurant,082 944 2502,Service was average - not bad but could be more attentive.,"Food could be improved., Service needs attention., Atmosphere was lacking.",Rudo Chigumira,rudo.chigumira@outlook.com,https://storage.googleapis.com/review-ai-storage/audio_recordings/review_default_restaurant_3ad00afb-12a2-4329-a6e4-accef5ed832e_1748516611299.wav,"Improve food quality, Enhance service training",2024-12-24T02:33:46.547Z,"Average experience, food was fine, service could be better.",ef705224-e426-4aa9-a2f1-6f1ea97a627b
05bd1266-3622-4c8c-ab6a-b8e40149bdd0,Decent restaurant but nothing particularly special - mixed experience.,Food quality was okay but not exceptional.,The setting was fine but lacked character.,Good music selection that enhanced the atmosphere,4cf00df3-2921-48bc-98bd-50ebc3b5ccc3,3,default_restaurant,074 556 6759,Service was average - not bad but could be more attentive.,"Food could be improved., Service needs attention., Atmosphere was lacking.",Elena Papadopoulos,elena.papadopoulos@webmail.co.za,https://storage.googleapis.com/review-ai-storage/audio_recordings/review_default_restaurant_97832b3e-5122-40f0-b5aa-111e459e2092_1748516611299.wav,"Improve food quality, Enhance service training",2025-04-08T05:08:28.231Z,"Decent meal, some good points, some areas could improve.",eda547ba-f166-420c-a799-4e0750d3195d
1dcb2977-677f-4966-9d81-af41a24cea0e,Great restaurant with excellent food and service. Would definitely return.,The food was very good - well-prepared and tasty.,Good ambiance that was welcoming and relaxed.,Good music selection that enhanced the atmosphere,4eca50f8-e9bc-4aaf-b908-52674fcd909e,4,default_restaurant,082 596 7594,Staff was knowledgeable and provided good recommendations.,"The food was excellent., Great service throughout., Wonderful atmosphere.",Yusuf Abrahams,yusuf.abrahams@gmail.com,https://storage.googleapis.com/review-ai-storage/audio_recordings/review_default_restaurant_98a99e3f-155f-47bf-a505-995032c57eab_1748516611299.wav,,2024-12-03T06:35:56.105Z,"Really good food, nice service, enjoyed our evening, would return.",36f3f073-e227-442d-860a-853ff0165dfc
19324218-4874-451f-8872-d1a62cd006aa,I had an average experience with some good points and some areas needing improvement.,Food quality was okay but not exceptional.,The setting was fine but lacked character.,Good music selection that enhanced the atmosphere,5bc43385-8275-4eea-9721-89953309b58d,3,default_restaurant,082 112 6703,The staff was okay but seemed a bit overwhelmed.,"Food could be improved., Service needs attention., Atmosphere was lacking.",Boitumelo Motseki,boitumelo.motseki@gmail.com,https://storage.googleapis.com/review-ai-storage/audio_recordings/review_default_restaurant_70e8dc91-3aa1-4861-b73a-b3d8ec52ef48_1748516611299.wav,"Improve food quality, Enhance service training",2025-05-11T07:14:09.348Z,"Average experience, food was fine, service could be better.",29afd0f2-4dd3-45f3-ad51-a10d3af9cd81
7130c446-0b86-4ac6-9705-0b79f616947c,Very pleased with our visit - good food and friendly service.,Good quality food with nice presentation and flavors.,Good ambiance that was welcoming and relaxed.,Good music selection that enhanced the atmosphere,ddfd3ef7-6abd-47e1-a46e-bc685391fb49,4,default_restaurant,082 753 8539,Good service - the staff was helpful and attentive.,"The food was excellent., Great service throughout., Wonderful atmosphere.",Yusuf Abrahams,yusuf.abrahams@outlook.com,https://storage.googleapis.com/review-ai-storage/audio_recordings/review_default_restaurant_4e4bea86-3861-4018-866a-b1d369e724a4_1748516611300.wav,,2025-04-29T14:00:15.045Z,"Good experience overall, tasty food, friendly staff, pleasant atmosphere.",bf84e48d-f48f-4f03-8f89-f7bb2a50d3f6
dd1af5f8-e684-42ee-9898-b99c4bd448ac,"Average dining experience - some things were good, others could be better.",Food quality was okay but not exceptional.,Average ambiance - could use some improvement to create a better mood.,Good music selection that enhanced the atmosphere,c38ebf36-072b-45ca-aeff-d1034a9b72e4,3,default_restaurant,082 858 8161,Service was acceptable but not particularly memorable.,"Food could be improved., Service needs attention., Atmosphere was lacking.",Rudo Chigumira,rudo.chigumira@gmail.com,https://storage.googleapis.com/review-ai-storage/audio_recordings/review_default_restaurant_c26e815d-0bf2-4bab-b2c9-2d74b02484c5_1748516611300.wav,"Improve food quality, Enhance service training",2025-05-18T13:22:49.968Z,"Average experience, food was fine, service could be better.",11640524-1c1f-46d9-8aec-58e06dba0927
c22a3c84-a482-41ae-befb-a1514a38c75c,I had a very good experience at this restaurant with only minor areas for improvement.,Good quality food with nice presentation and flavors.,Nice atmosphere - comfortable and pleasant for dining.,Good music selection that enhanced the atmosphere,4289afe4-af7e-4272-ada3-512b1de5d2dd,4,default_restaurant,073 878 5238,The service was friendly and efficient throughout our visit.,"The food was excellent., Great service throughout., Wonderful atmosphere.",Boitumelo Motseki,boitumelo.motseki@gmail.com,https://storage.googleapis.com/review-ai-storage/audio_recordings/review_default_restaurant_92a55426-07fa-41a6-a039-c5c8b856db53_1748516611300.wav,,2025-04-23T11:07:32.817Z,"Really good food, nice service, enjoyed our evening, would return.",c4f7a751-23d9-4bcf-9697-ee20a9c67f2c
9f8ede38-4aca-44e1-b0e0-0727dc03cb4b,Decent restaurant but nothing particularly special - mixed experience.,Food quality was okay but not exceptional.,The atmosphere was okay - nothing special but not bad either.,Good music selection that enhanced the atmosphere,2296d388-7dc8-46ca-b17b-b58adb0e5a48,3,default_restaurant,082 978 3945,The staff was okay but seemed a bit overwhelmed.,"Food could be improved., Service needs attention., Atmosphere was lacking.",Victor Santos,victor.santos@webmail.co.za,https://storage.googleapis.com/review-ai-storage/audio_recordings/review_default_restaurant_d99397b9-5267-456d-a2ca-b0d706cc7800_1748516611300.wav,"Improve food quality, Enhance service training",2025-01-18T18:00:46.480Z,"Decent meal, some good points, some areas could improve.",565b0887-1c8b-4d43-8bc5-8930bc109192
4a581155-2766-4180-b787-441d570b4f21,One of the best dining experiences I've ever had. Everything was perfect.,"The food was amazing - fresh, flavorful, and cooked to perfection.","The atmosphere was perfect - elegant, comfortable, and inviting.",Good music selection that enhanced the atmosphere,ef69179c-b5f4-42e1-b1c3-201eb63a2129,5,default_restaurant,076 639 1750,"The service was impeccable - attentive, friendly, and professional.","The food was excellent., Great service throughout., Wonderful atmosphere.",Fatima Al-Rashid,fatima.alrashid@outlook.com,https://storage.googleapis.com/review-ai-storage/audio_recordings/review_default_restaurant_5a5abba2-bca9-4070-b2d8-035b8baed46f_1748516611300.wav,,2025-01-27T02:51:54.804Z,"Amazing food, great service, will definitely come back, thank you so much.",d8f31c43-7f73-4a5a-a0f3-ba6ee0c3cbe7
35bfe02e-f364-41bc-a552-a583145d7892,Decent restaurant but nothing particularly special - mixed experience.,The food was average - some dishes were better than others.,The atmosphere was okay - nothing special but not bad either.,Good music selection that enhanced the atmosphere,4dcc5327-0b9e-4848-8136-f8c9edb87d5c,3,default_restaurant,079 732 7581,Service was average - not bad but could be more attentive.,"Food could be improved., Service needs attention., Atmosphere was lacking.",Priya Reddy,priya.reddy@yahoo.com,https://storage.googleapis.com/review-ai-storage/audio_recordings/review_default_restaurant_474d2bba-d13c-4f12-b4b5-5226ebb7ab5f_1748516611300.wav,"Improve food quality, Enhance service training",2025-05-07T17:10:53.905Z,"Food was okay, service average, nothing special but not bad either.",2640f406-4677-449d-b9b3-eb344647883e
ae1185f0-9b56-45a3-88e6-0e62385e954f,One of the best dining experiences I've ever had. Everything was perfect.,Outstanding cuisine with incredible flavors and beautiful presentation.,"The atmosphere was perfect - elegant, comfortable, and inviting.",Good music selection that enhanced the atmosphere,7861ccbd-2006-47ff-aea0-31973bdf8363,5,default_restaurant,071 597 3386,The staff was incredibly attentive and made us feel very welcome.,"The food was excellent., Great service throughout., Wonderful atmosphere.",Thabo Mokoena,thabo.mokoena@hotmail.com,https://storage.googleapis.com/review-ai-storage/audio_recordings/review_default_restaurant_3879eb06-709b-4560-8696-b69def103ab1_1748516611300.wav,,2025-04-20T16:54:41.645Z,"Fantastic experience, loved everything, excellent service, highly recommend.",2db8371f-e0bf-4de3-b967-cf309c0bd084
af2eb26d-68a3-416f-8cf8-3b10c0e0c843,Decent restaurant but nothing particularly special - mixed experience.,The food was average - some dishes were better than others.,Average ambiance - could use some improvement to create a better mood.,Good music selection that enhanced the atmosphere,386bcf73-0170-43fa-a0ad-03e3251cdb9c,3,default_restaurant,078 257 5061,Service was acceptable but not particularly memorable.,"Food could be improved., Service needs attention., Atmosphere was lacking.",Nomsa Ndlovu,nomsa.ndlovu@outlook.com,https://storage.googleapis.com/review-ai-storage/audio_recordings/review_default_restaurant_13d127e3-ecbe-48f6-a9dd-f89038cc6621_1748516611300.wav,"Improve food quality, Enhance service training",2025-04-06T13:17:03.258Z,"Food was okay, service average, nothing special but not bad either.",c40aa999-5fae-4fb2-a959-2bdae367b967
de11916a-5a3a-4d0e-a086-1072a95e7930,This place exceeded all my expectations - truly outstanding in every way.,"The food was amazing - fresh, flavorful, and cooked to perfection.","The atmosphere was perfect - elegant, comfortable, and inviting.",Good music selection that enhanced the atmosphere,da6b65ae-d4dc-47ea-b2f0-e215aabcd90a,5,default_restaurant,082 763 7805,"The service was impeccable - attentive, friendly, and professional.","The food was excellent., Great service throughout., Wonderful atmosphere.",Chiedza Mukamuri,chiedza.mukamuri@gmail.com,https://storage.googleapis.com/review-ai-storage/audio_recordings/review_default_restaurant_05bbb4a2-110e-4d62-8e39-4408178d49f7_1748516611300.wav,,2025-03-02T10:55:14.987Z,"Best meal I've had in ages, wonderful staff, perfect atmosphere.",a3d24974-9885-4218-8b2b-1218e80a10cf
100f8cb9-49b7-4615-b432-cdcef3c1adf1,I had an average experience with some good points and some areas needing improvement.,Food quality was okay but not exceptional.,Average ambiance - could use some improvement to create a better mood.,Good music selection that enhanced the atmosphere,43fffe07-bf16-43ae-a7cf-2671a344bb78,3,default_restaurant,072 404 0647,Service was acceptable but not particularly memorable.,"Food could be improved., Service needs attention., Atmosphere was lacking.",Lerato Sibiya,lerato.sibiya@gmail.com,https://storage.googleapis.com/review-ai-storage/audio_recordings/review_default_restaurant_fa768223-8172-4c57-8c26-8d1c2b7871b3_1748516611300.wav,"Improve food quality, Enhance service training",2025-05-20T04:59:07.459Z,"Food was okay, service average, nothing special but not bad either.",05c7339a-13b1-456b-8fa0-85c0d7a6c9e7
e2951e49-b5d4-4e36-9f24-29ac7b8615f8,Decent restaurant but nothing particularly special - mixed experience.,The food was decent but lacked the wow factor.,The setting was fine but lacked character.,Good music selection that enhanced the atmosphere,5cc00a5e-9cf7-435e-bced-156d69073415,3,default_restaurant,078 441 4629,Service was average - not bad but could be more attentive.,"Food could be improved., Service needs attention., Atmosphere was lacking.",Elena Papadopoulos,elena.papadopoulos@yahoo.com,https://storage.googleapis.com/review-ai-storage/audio_recordings/review_default_restaurant_164e8ed6-6acd-419b-8357-1e2b119686c9_1748516611300.wav,"Improve food quality, Enhance service training",2025-04-15T21:22:15.095Z,"Decent meal, some good points, some areas could improve.",45efe029-0821-4864-ad2d-f4a5e5beac41
2e5515c6-b8ca-428e-83a5-c65be5a9cee2,This place exceeded all my expectations - truly outstanding in every way.,"The food was amazing - fresh, flavorful, and cooked to perfection.",Lovely atmosphere with great lighting and comfortable seating.,Good music selection that enhanced the atmosphere,a2129393-7857-42b0-9a9d-15bae449b733,5,default_restaurant,083 233 8699,The staff was incredibly attentive and made us feel very welcome.,"The food was excellent., Great service throughout., Wonderful atmosphere.",Jabu Dlamini,jabu.dlamini@webmail.co.za,https://storage.googleapis.com/review-ai-storage/audio_recordings/review_default_restaurant_470e95bf-1413-40e6-a630-b353043fcfd1_1748516611300.wav,,2025-01-20T02:35:49.652Z,"Fantastic experience, loved everything, excellent service, highly recommend.",cb951eaf-fab1-4062-9f63-2390f8671e85
3d75849f-d359-4a3e-8a68-d5372791d471,I had an absolutely incredible experience at this restaurant and would highly recommend it to everyone.,"The food was amazing - fresh, flavorful, and cooked to perfection.",Beautiful ambiance that created the perfect dining experience.,Good music selection that enhanced the atmosphere,051c8cd5-de80-4304-a296-8369e844b7db,5,default_restaurant,079 126 7063,Outstanding service from the moment we walked in until we left.,"The food was excellent., Great service throughout., Wonderful atmosphere.",Akani Ramaano,akani.ramaano@hotmail.com,https://storage.googleapis.com/review-ai-storage/audio_recordings/review_default_restaurant_2d2645c9-a4cd-40ec-84b9-30835c7c58d6_1748516611300.wav,,2025-03-04T06:51:24.403Z,"Amazing food, great service, will definitely come back, thank you so much.",891fd478-2cae-4a81-bba4-8032deb8aac8
71d1d1c6-6e13-44e2-8b19-c3767a2fe91f,Not a great experience overall - multiple areas need improvement.,The food was not good - overcooked and underseasoned.,Poor ambiance that detracted from the dining experience.,Poor music choice that detracted from experience,14d30a11-bb1f-4abb-bf53-2dc0f5083d38,2,default_restaurant,084 136 6408,Service was poor - inattentive and unprofessional staff.,"Food could be improved., Service needs attention., Atmosphere was lacking.",Jabu Dlamini,jabu.dlamini@outlook.com,https://storage.googleapis.com/review-ai-storage/audio_recordings/review_default_restaurant_824fa534-ff3f-4bcd-87c1-0eb70a72b091_1748516611300.wav,"Improve food quality, Enhance service training",2025-03-19T03:19:24.927Z,"Below expectations, cold food, inattentive staff, not satisfied.",9838cf5d-d01f-486b-b1d9-bab693c418a0
415aae06-4fc2-4914-97a3-404728466f26,I had a terrible experience and would not recommend this restaurant to anyone.,The food was horrible - clearly not fresh and poorly cooked.,"The atmosphere was awful - dirty, noisy, and uncomfortable.",Poor music choice that detracted from experience,a2364978-064d-466d-8438-8d52f1e97567,1,default_restaurant,076 273 0915,"Service was terrible - rude, slow, and completely unprofessional.","Food could be improved., Service needs attention., Atmosphere was lacking.",Gareth Williams,gareth.williams@hotmail.com,https://storage.googleapis.com/review-ai-storage/audio_recordings/review_default_restaurant_f46fbb59-66a6-4486-8f9f-ff1a2d7f16c9_1748516611300.wav,"Improve food quality, Enhance service training",2025-05-23T10:32:00.147Z,"Horrible service, inedible food, worst restaurant experience ever.",a59a73ef-5ef4-4088-bce6-5b50b898b655
6232b63b-ea24-4a81-aef7-c0153b944e78,Great restaurant with excellent food and service. Would definitely return.,The dishes were well-executed and delicious.,Pleasant atmosphere with good music and lighting.,Good music selection that enhanced the atmosphere,7452ee87-0036-4ab3-9e3a-d1d978e150c9,4,default_restaurant,084 970 4242,Staff was knowledgeable and provided good recommendations.,"The food was excellent., Great service throughout., Wonderful atmosphere.",Indira Patel,indira.patel@hotmail.com,https://storage.googleapis.com/review-ai-storage/audio_recordings/review_default_restaurant_1e354b65-5ac7-42cd-8d1f-b2132f350391_1748516611300.wav,,2025-03-21T07:25:11.586Z,"Really good food, nice service, enjoyed our evening, would return.",c2dc3b88-2d7d-4bad-be2e-37ec7aed0750
7782de41-3aff-4ed7-9235-eb8a679b7c99,I had a disappointing experience with several issues that need addressing.,The food was disappointing - several dishes were poorly prepared.,Poor ambiance that detracted from the dining experience.,Poor music choice that detracted from experience,4bc3fc53-b570-4e8e-8201-11fe132d40c6,2,default_restaurant,071 903 5668,The service was disappointing with long waits and mistakes.,"Food could be improved., Service needs attention., Atmosphere was lacking.",Xola Mbeki,xola.mbeki@yahoo.com,https://storage.googleapis.com/review-ai-storage/audio_recordings/review_default_restaurant_d2e4c058-9551-4a39-9183-9176955f894b_1748516611300.wav,"Improve food quality, Enhance service training",2025-04-27T20:44:18.477Z,"Not great experience, food quality poor, service needs improvement.",0e190aeb-7234-4bc7-9ba6-db088f5a79ff
9bdff255-bdde-4f0d-9a53-75d8099ee86b,I had an average experience with some good points and some areas needing improvement.,The food was average - some dishes were better than others.,The atmosphere was okay - nothing special but not bad either.,Good music selection that enhanced the atmosphere,92c4dc16-0446-42d8-ae7a-398bd597438d,3,default_restaurant,073 235 9586,Service was acceptable but not particularly memorable.,"Food could be improved., Service needs attention., Atmosphere was lacking.",Yusuf Abrahams,yusuf.abrahams@outlook.com,https://storage.googleapis.com/review-ai-storage/audio_recordings/review_default_restaurant_c98155a9-73e0-42d6-9b3a-48078894746e_1748516611300.wav,"Improve food quality, Enhance service training",2024-12-19T02:04:57.837Z,"Average experience, food was fine, service could be better.",fdef4b29-80cf-4dd9-af46-38ec389d9c19
e63371b4-1477-4753-9811-5d619e0962c1,I had a very good experience at this restaurant with only minor areas for improvement.,The food was very good - well-prepared and tasty.,Pleasant atmosphere with good music and lighting.,Good music selection that enhanced the atmosphere,c6b6205b-0bed-4c53-b2d1-a3c3a33fe348,4,default_restaurant,084 362 8878,The service was friendly and efficient throughout our visit.,"The food was excellent., Great service throughout., Wonderful atmosphere.",Siphiwe Mazibuko,siphiwe.mazibuko@hotmail.com,https://storage.googleapis.com/review-ai-storage/audio_recordings/review_default_restaurant_d4cc5a00-7da8-4a14-810f-29bc7500c619_1748516611300.wav,,2024-12-28T18:31:37.281Z,"Good experience overall, tasty food, friendly staff, pleasant atmosphere.",1d200113-960e-40d3-a4d9-87c0f8e37ac8
d0f79e22-af18-4ac9-b903-a68071163e75,Below average experience - several aspects fell short of expectations.,The food was not good - overcooked and underseasoned.,The atmosphere was lacking - noisy and uncomfortable.,Poor music choice that detracted from experience,1ea14d60-c46a-44f3-a3f5-dc57965730ac,2,default_restaurant,082 917 3753,The service was disappointing with long waits and mistakes.,"Food could be improved., Service needs attention., Atmosphere was lacking.",Thabo Mokoena,thabo.mokoena@yahoo.com,https://storage.googleapis.com/review-ai-storage/audio_recordings/review_default_restaurant_32b4a79c-6229-4860-a602-0d04786817bf_1748516611300.wav,"Improve food quality, Enhance service training",2024-12-12T08:37:40.359Z,"Food was disappointing, service was slow, several issues with our order.",c4aa88b6-ed32-4d87-8ab3-daebe1d7eb6a
90e997ab-70aa-4073-8dbd-2faeb415dad3,I had a disappointing experience with several issues that need addressing.,The food was disappointing - several dishes were poorly prepared.,The atmosphere was lacking - noisy and uncomfortable.,Poor music choice that detracted from experience,e805fe30-cfd1-4edc-a5ce-a53e846a8a00,2,default_restaurant,082 203 6195,The service was disappointing with long waits and mistakes.,"Food could be improved., Service needs attention., Atmosphere was lacking.",Boitumelo Motseki,boitumelo.motseki@outlook.com,https://storage.googleapis.com/review-ai-storage/audio_recordings/review_default_restaurant_d77cf2f9-f7db-416c-9bc0-cfee891897c1_1748516611300.wav,"Improve food quality, Enhance service training",2025-03-08T18:05:46.040Z,"Food was disappointing, service was slow, several issues with our order.",88f14493-9aba-4bd5-aa22-a760cdb74ba2
438cca1f-256a-4fd5-9a1d-fcf7995bc524,"Average dining experience - some things were good, others could be better.",The food was decent but lacked the wow factor.,The setting was fine but lacked character.,Good music selection that enhanced the atmosphere,25436d92-c7be-4da4-903f-772276612a9d,3,default_restaurant,081 690 0809,The staff was okay but seemed a bit overwhelmed.,"Food could be improved., Service needs attention., Atmosphere was lacking.",Gareth Williams,gareth.williams@gmail.com,https://storage.googleapis.com/review-ai-storage/audio_recordings/review_default_restaurant_0c2b2aee-96c6-4871-ab9c-c673bf80f3f1_1748516611300.wav,"Improve food quality, Enhance service training",2025-02-15T16:30:13.867Z,"Average experience, food was fine, service could be better.",e3cc6270-69eb-4333-8df0-e5d612776408